stamp_sec,stamp_nsec,record_time_ns,frame_id,width,height,point_count,group_count,degenerate_group_count,tcp_frame_found,tcp_points_match,max_point_error
4325,376982751,4325437908626,world,20,1,20,5,1,True,True,0.0
4325,477021803,4325539402511,world,32,1,32,8,1,True,True,0.0
4325,577018271,4325631605062,world,16,1,16,4,1,True,True,0.0
4325,676878823,4325717690487,world,16,1,16,4,1,True,True,0.0
4325,776949375,4325830488499,world,12,1,12,3,1,True,True,0.0
4325,877067760,4325918798174,world,16,1,16,4,1,True,True,0.0
4325,976910520,4326033649811,world,24,1,24,6,1,True,True,0.0
4326,76933822,4326132039487,world,24,1,24,6,1,True,True,0.0
4326,176875748,4326218564163,world,24,1,24,6,1,True,True,0.0
4326,276940175,4326318686923,world,24,1,24,6,1,True,True,0.0
4326,377144310,4326423641725,world,28,1,28,7,1,True,True,0.0
4326,476927278,4326530503152,world,20,1,20,5,1,True,True,0.0
4326,576976247,4326630567871,world,44,1,44,11,1,True,True,0.0
4326,677100465,4326736203423,world,24,1,24,6,1,True,True,0.0
4326,776999225,4326848000142,world,24,1,24,6,1,True,True,0.0
4326,877026027,4326928214026,world,24,1,24,6,1,True,True,0.0
4326,976922454,4327034636786,world,16,1,16,4,1,True,True,0.0
4327,76950130,4327119396586,world,24,1,24,6,1,True,True,0.0
4327,177006099,4327232287931,world,16,1,16,4,1,True,True,0.0
4327,276926151,4327336654442,world,16,1,16,4,1,True,True,0.0
4327,376940702,4327416030075,world,16,1,16,4,1,True,True,0.0
4327,476985879,4327520506835,world,20,1,20,5,1,True,True,0.0
4327,577007431,4327641179556,world,20,1,20,5,1,True,True,0.0
4327,676973857,4327730581815,world,20,1,20,5,1,True,True,0.0
4327,776933576,4327827084116,world,20,1,20,5,1,True,True,0.0
4327,876949003,4327934013793,world,24,1,24,6,1,True,True,0.0
4327,976919221,4328034746720,world,16,1,16,4,1,True,True,0.0
4328,76943106,4328133495147,world,28,1,28,7,1,True,True,0.0
4328,177064991,4328230152615,world,24,1,24,6,1,True,True,0.0
4328,277030251,4328338374959,world,28,1,28,7,1,True,True,0.0
4328,376879428,4328435933094,world,16,1,16,4,1,True,True,0.0
4328,477014438,4328517492727,world,16,1,16,4,1,True,True,0.0
4328,576974156,4328618043362,world,40,1,40,10,1,True,True,0.0
4328,676905583,4328733153999,world,16,1,16,4,1,True,True,0.0
4328,776990135,4328818804257,world,12,1,12,3,1,True,True,0.0
4328,876962978,4328941887020,world,28,1,28,7,1,True,True,0.0
4328,977137363,4329015101777,world,16,1,16,4,1,True,True,0.0
4329,76995581,4329131281080,world,16,1,16,4,1,True,True,0.0
4329,176986216,4329221399089,world,16,1,16,4,1,True,True,0.0
4329,276908018,4329319542307,world,24,1,24,6,1,True,True,0.0
4329,376896612,4329434111027,world,28,1,28,7,1,True,True,0.0
4329,476918747,4329517520994,world,20,1,20,5,1,True,True,0.0
4329,576944965,4329631915881,world,36,1,36,9,1,True,True,0.0
4329,677135392,4329714803181,world,40,1,40,10,1,True,True,0.0
4329,777004985,4329837316901,world,32,1,32,8,1,True,True,0.0
4329,876917162,4329917816909,world,32,1,32,8,1,True,True,0.0
4329,977008422,4330033048296,world,40,1,40,10,1,True,True,0.0
4330,77369182,4330131080389,world,12,1,12,3,1,True,True,0.0
4330,177299442,4330216606689,world,20,1,20,5,1,True,True,0.0
4330,276933660,4330318292491,world,20,1,20,5,1,True,True,0.0
4330,377044754,4330431234294,world,12,1,12,3,1,True,True,0.0
4330,477215347,4330519714303,world,16,1,16,4,1,True,True,0.0
4330,576890690,4330632182731,world,16,1,16,4,1,True,True,0.0
4330,676910784,4330731349991,world,24,1,24,6,1,True,True,0.0
4330,777073794,4330830677084,world,36,1,36,9,1,True,True,0.0
4330,876954762,4330921730177,world,20,1,20,5,1,True,True,0.0
4330,977151897,4331034001438,world,20,1,20,5,1,True,True,0.0
4331,77007491,4331118305072,world,28,1,28,7,1,True,True,0.0
4331,176898084,4331219945373,world,12,1,12,3,1,True,True,0.0
4331,276958427,4331328714884,world,24,1,24,6,1,True,True,0.0
4331,376943813,4331417027768,world,16,1,16,4,1,True,True,0.0
4331,476885448,4331518804570,world,32,1,32,8,1,True,True,0.0
4331,576872291,4331620043247,world,36,1,36,9,1,True,True,0.0
4331,676911634,4331740602801,world,20,1,20,5,1,True,True,0.0
4331,776866686,4331819825600,world,20,1,20,5,1,True,True,0.0
4331,876979238,4331922105527,world,20,1,20,5,1,True,True,0.0
4331,976948581,4332017654370,world,24,1,24,6,1,True,True,0.0
4332,76870383,4332118118089,world,36,1,36,9,1,True,True,0.0
4332,176927810,4332232037850,world,24,1,24,6,1,True,True,0.0
4332,276956653,4332318060275,world,24,1,24,6,1,True,True,0.0
4332,376935621,4332418911036,world,24,1,24,6,1,True,True,0.0
4332,476989548,4332543987631,world,36,1,36,9,1,True,True,0.0
4332,577107058,4332630683224,world,24,1,24,6,1,True,True,0.0
4332,676871360,4332733236442,world,16,1,16,4,1,True,True,0.0
4332,777003453,4332817245492,world,36,1,36,9,1,True,True,0.0
4332,877099963,4332938981338,world,24,1,24,6,1,True,True,0.0
4332,976992890,4333036375848,world,16,1,16,4,1,True,True,0.0
4333,77051192,4333129519315,world,16,1,16,4,1,True,True,0.0
4333,176902702,4333219933949,world,20,1,20,5,1,True,True,0.0
4333,276963337,4333341225295,world,24,1,24,6,1,True,True,0.0
4333,377072972,4333418424511,world,16,1,16,4,1,True,True,0.0
4333,476944024,4333533714231,world,20,1,20,5,1,True,True,0.0
4333,577014867,4333638787741,world,24,1,24,6,1,True,True,0.0
4333,676956794,4333718526791,world,36,1,36,9,1,True,True,0.0
4333,776942179,4333834761803,world,44,1,44,11,1,True,True,0.0
4333,877053855,4333932724188,world,12,1,12,3,1,True,True,0.0
4333,977069574,4334032309114,world,12,1,12,3,1,True,True,0.0
4334,77279542,4334120314290,world,20,1,20,5,1,True,True,0.0
4334,177093719,4334234495093,world,24,1,24,6,1,True,True,0.0
4334,276966229,4334329035644,world,16,1,16,4,1,True,True,0.0
4334,376992156,4334426423737,world,20,1,20,5,1,True,True,0.0
4334,476922707,4334514601579,world,20,1,20,5,1,True,True,0.0
4334,576998801,4334616577881,world,24,1,24,6,1,True,True,0.0
4334,676955602,4334730842685,world,20,1,20,5,1,True,True,0.0
4334,776892279,4334833942778,world,28,1,28,7,1,True,True,0.0
4334,876951164,4334932594663,world,28,1,28,7,1,True,True,0.0
4334,976918758,4335036945132,world,36,1,36,9,1,True,True,0.0
4335,77063101,4335118134057,world,20,1,20,5,1,True,True,0.0
4335,177350653,4335234898735,world,20,1,20,5,1,True,True,0.0
4335,276917204,4335338118704,world,40,1,40,10,1,True,True,0.0
4335,376908131,4335417903254,world,32,1,32,8,1,True,True,0.0
4335,476968183,4335519363014,world,12,1,12,3,1,True,True,0.0
4335,576995568,4335634889567,world,24,1,24,6,1,True,True,0.0
4335,676990870,4335740004786,world,28,1,28,7,1,True,True,0.0
4335,776959921,4335837913212,world,28,1,28,7,1,True,True,0.0
4335,877028140,4335921391137,world,20,1,20,5,1,True,True,0.0
4335,976926316,4336034692566,world,28,1,28,7,1,True,True,0.0
4336,77103035,4336141044451,world,32,1,32,8,1,True,True,0.0
4336,176918086,4336222113793,world,16,1,16,4,1,True,True,0.0
4336,277040263,4336341280930,world,32,1,32,8,1,True,True,0.0
4336,376939315,4336419364771,world,16,1,16,4,1,True,True,0.0
4336,477041658,4336532828366,world,24,1,24,6,1,True,True,0.0
4336,576885585,4336638380793,world,28,1,28,7,1,True,True,0.0
4336,676963137,4336717329426,world,24,1,24,6,1,True,True,0.0
4336,776956397,4336831446354,world,16,1,16,4,1,True,True,0.0
4336,876895698,4336920569488,world,40,1,40,10,1,True,True,0.0
4336,977065417,4337035020958,world,24,1,24,6,1,True,True,0.0
4337,76977885,4337133345301,world,36,1,36,9,1,True,True,0.0
4337,177141770,4337222290518,world,24,1,24,6,1,True,True,0.0
4337,276717072,4337339258197,world,36,1,36,9,1,True,True,0.0
4337,376969332,4337440997082,world,28,1,28,7,1,True,True,0.0
4337,476904550,4337538908717,world,20,1,20,5,1,True,True,0.0
4337,576946519,4337630650434,world,28,1,28,7,1,True,True,0.0
4337,676935987,4337740034487,world,20,1,20,5,1,True,True,0.0
4337,777032497,4337837748372,world,16,1,16,4,1,True,True,0.0
4337,877084091,4337916275255,world,28,1,28,7,1,True,True,0.0
4337,977095142,4338018367348,world,24,1,24,6,1,True,True,0.0
4338,76940236,4338140301527,world,40,1,40,10,1,True,True,0.0
4338,176982204,4338217813993,world,16,1,16,4,1,True,True,0.0
4338,276938714,4338341184922,world,28,1,28,7,1,True,True,0.0
4338,376884433,4338421826097,world,16,1,16,4,1,True,True,0.0
4338,476897234,4338515071648,world,16,1,16,4,1,True,True,0.0
4338,576935994,4338635648410,world,40,1,40,10,1,True,True,0.0
4338,677117963,4338717024877,world,20,1,20,5,1,True,True,0.0
4338,777004764,4338871012642,world,12,1,12,3,1,True,True,0.0
4338,876981108,4338919881689,world,16,1,16,4,1,True,True,0.0
4338,976973784,4339018164032,world,28,1,28,7,1,True,True,0.0
4339,76901128,4339141173003,world,20,1,20,5,1,True,True,0.0
4339,176911305,4339220616302,world,16,1,16,4,1,True,True,0.0
4339,277050106,4339332385897,world,16,1,16,4,1,True,True,0.0
4339,377017408,4339437206824,world,16,1,16,4,1,True,True,0.0
4339,476980626,4339536624042,world,12,1,12,3,1,True,True,0.0
